#{"t_start": 1670185132.2791615, "env_id": null}
r,l,t
0,350,1.400088
0,379,2.843554
0,1001,6.13821
0,121,6.848699
0.058239,658,9.204003
0,125,9.877639
0,473,11.782993
0,301,13.433672
0,129,14.227278
0,24,14.651608
0,630,18.790109
0,188,20.000878
0,242,21.076392
0.111874,926,24.360389
0,1001,27.525642
0,174,28.454539
0,988,31.895666
0,256,32.928527
0,276,35.134128
0,657,37.309176
0,443,38.90605
0.007665,113,39.575516
0,355,40.960814
0,1001,43.99081
0,622,46.023241
0,208,46.944113
0.005773,234,47.944154
0,30,48.359063
0,805,51.959819
0,701,54.256918
0,600,56.21099
0,210,57.124712
0,633,59.186787
0,705,61.406854
0,477,63.103268
0.02584,236,64.14477
0,321,66.475794
0,768,68.942748
0,393,70.358142
0,706,72.735728
0,289,74.035263
0.036236,759,76.843693
0.003388,701,79.314822
0,109,79.970264
0,578,83.017864
0.010747,816,85.759764
0,186,86.614297
0,1001,89.810134
0,44,90.25114
0,310,91.494627
0,96,92.107929
0,293,93.293234
0,680,95.474023
0,299,97.748194
0,24,98.156331
0,84,98.735618
0,1001,101.84195
0,437,103.375595
0.000715,588,105.335957
0,254,106.367447
0,193,107.218399
0,1001,110.594125
0.000559,171,111.453926
0,375,114.188016
0,50,114.64255
0.000183,87,115.24708
0,1001,118.452417
0,570,120.612123
0,677,123.079489
0,379,124.600899
0,85,125.22295
0,346,126.603971
0.011715,113,127.301139
0.033465,141,128.07011
0,372,129.584935
0,223,131.831339
0,81,132.428751
0.034462,1001,135.62556
0.019811,637,137.828888
0,192,138.701791
0,290,139.895572
0,522,141.675299
0,482,143.346898
0,1001,147.57847
0,75,148.131568
0,283,149.242946
0,405,150.685414
0,443,152.234838
0,202,153.131735
0.004234,371,154.552787
0,122,155.215173
0,193,156.121399
0,481,157.85216
0,94,158.469699
0.003002,406,159.889596
0,432,161.403353
0.004826,92,162.006416
0,274,163.090835
0,113,164.859573
0,171,165.653704
0,137,166.370621
0,236,167.356726
0,407,168.796656
0,67,169.32659
0,192,170.241949
0,329,171.47502
0,44,171.944545
0,951,174.926117
0,357,176.227677
0.00812,161,176.988998
0.001048,358,178.314703
0,954,182.488163
0,529,184.473985
0,1001,187.627412
0,287,188.805996
0,1001,191.859275
0,444,193.427704
0,200,194.304312
0,383,196.69224
0,207,197.615085
0,796,200.107354
0,237,201.081242
0,650,203.180258
0,1001,206.48299
0,274,207.570138
0,1001,211.750372
0.005698,1001,214.786627
0,227,215.746382
0,143,216.468115
0,463,218.079339
0,153,218.844487
0,264,219.880218
0,667,221.997409
0,57,222.467576
0.004589,559,224.32047
0.032524,908,228.406695
0,303,229.620002
0,79,230.154191
0,465,231.757141
0,274,232.818739
0,45,233.272329
0,417,234.776711
0,84,235.311471
0,221,236.327209
0,1001,239.567639
0,441,241.173218
0,163,242.005489
0,62,242.521218
0,571,245.689773
0,89,246.282826
0.027327,1001,249.306103
0,391,250.691418
0.00655,287,251.790738
0,358,253.106128
0,219,254.04665
0,93,254.701544
0,266,255.803046
0,89,256.399378
0.010693,150,257.180443
0,679,260.353313
0,105,260.978246
0,474,262.71804
0,67,263.322021
0,471,265.014607
0.000691,388,266.56776
0,224,267.5386
0,314,269.032016
0,162,269.986899
0,342,271.364086
0,125,272.104156
0,392,273.672174
0,1001,276.78951
0.008054,882,281.556625
0,348,282.899575
0,382,284.302358
0,542,286.363824
0,153,287.314124
0,206,288.336981
0,360,289.900607
0,487,291.740008
0,120,292.43102
0,211,293.341058
0,271,294.417619
0,1001,298.683532
0,937,302.580393
0,799,305.465028
0,125,306.141321
0,73,306.687132
0,90,307.278463
0,278,308.41431
0,1001,313.06671
0,511,314.85296
0,1001,318.095702
0,336,319.40943
0,212,320.333186
0,169,321.139996
0.013388,961,324.378703
0.003778,455,326.032631
0.002525,420,328.969188
0,199,330.05563
0,658,332.284036
0,60,332.787546
9.3e-05,161,333.653691
0,226,334.684893
0.002767,220,335.764195
0,224,336.860116
0,516,338.717326
0,78,339.280802
0,135,339.997068
0,299,341.279081
0,401,342.927335
0,688,345.584789
0,555,348.995006
0.002164,379,350.421487
0,1001,353.604757
0,153,354.405516
0,1001,357.625854
0,101,358.233319
0,26,358.660636
0,1001,362.186073
0,57,362.726456
0,434,365.645646
0,107,366.316132
0,675,368.707455
0,412,370.173222
0,155,370.928801
0,341,372.271002
0.00056,135,373.022856
0,188,373.926086
0.077179,295,375.115701
0,573,377.110276
0,332,378.363241
0,259,379.430071
0,53,379.900198
0,174,381.882673
0,98,382.513687
0.051429,301,383.697111
0,579,385.6024
0,92,386.21255
0,226,387.258993
0.215689,575,389.371439
0,375,390.782094
0,1001,394.112358
0,138,394.871511
0,40,395.320789
0.002791,113,396.033117
0,118,396.697736
0,503,399.87987
0,211,400.840104
0,222,401.805767
0,52,402.457069
0,192,403.429734
0,452,405.27166
0,836,408.178745
0.007233,1001,411.469996
0,282,412.846771
0,62,413.367242
0,181,414.249871
0,267,415.547066
0,276,418.339762
0,832,421.603332
0,47,422.380022
0,951,426.549171
0,996,430.216566
0,250,431.337904
0,183,432.325717
0,595,434.492208
0,199,435.432129
0,86,437.278403
0.012565,201,438.2517
0,694,440.581374
0,222,441.533163
0,63,442.082716
0,939,445.177963
0,246,446.442245
0.0798,155,447.260655
0.123417,575,449.81713
0,982,455.11227
0.09072,155,455.881108
0,413,457.518926
0.011228,475,459.406454
0.094477,825,462.154007
0,362,463.590082
0,263,464.667235
0,581,466.822287
0,59,467.560851
0,641,469.865488
0,1001,474.859246
0,511,476.963775
0,162,477.758956
0,96,478.451502
0,260,479.614881
0,603,481.781645
0,453,483.79927
0,786,486.422716
0.002236,1001,491.243156
0.001505,119,492.02272
0,272,493.28569
0,158,494.245963
0,183,495.329936
0,146,496.140508
0,217,497.284995
0,502,499.427598
0,140,500.244383
0,224,501.495536
0.018635,1001,505.653681
0,372,507.382116
0,112,508.265444
0.004351,116,509.148665
0,288,512.398304
0,354,513.933916
0,146,514.727464
0,181,515.644319
0,870,518.939341
0,87,519.553983
0.001471,252,520.738838
0,424,522.357481
0.004746,149,523.168849
0,85,523.780981
0,140,524.581662
0,72,525.178359
0,326,526.520128
0,327,527.895914
0.004145,629,531.869976
0,360,533.513602
0,788,536.293236
0,164,537.176992
0,317,538.597478
0,125,539.385083
0.007774,220,540.459889
0,796,543.537149
0,1001,546.830162
0,252,549.622879
0,133,550.396564
0.001302,771,553.003487
0,257,554.134041
0,226,555.189557
0,45,555.693943
0.009327,163,556.563307
0,316,557.918176
0,543,559.863194
0.018169,54,560.423016
0.002052,437,562.031507
0,56,562.522338
0,471,564.244101
0,291,565.467458
0,250,568.225786
0,639,570.540842
0,100,571.277863
0.014803,100,571.911225
0,169,572.745269
0,573,574.734241
0,544,576.683775
0,798,579.39878
0,257,580.478678
0,136,581.249337
0,1001,585.531853
0,108,586.191891
0,202,587.077956
0,83,587.674765
0,167,588.55315
0.035033,108,589.229042
0,403,590.757242
0,394,592.206121
0,733,594.615916
0,88,595.197308
0,472,596.942722
0,61,597.495175
0.00396,1001,601.036528
0,59,603.129026
0,295,604.317332
0,784,606.858089
0,504,608.686156
0,47,609.161919
0,162,609.94931
0,1001,613.6249
0,185,614.5432
0,145,615.32996
0,158,616.116293
0.016398,119,616.781127
0.007245,808,620.400011
0,217,621.332134
0,1001,624.414107
0,240,625.422427
0,364,626.780176
0,279,627.867581
0,257,628.937026
0,159,629.733077
0,266,630.856466
0,425,632.398415
0.01018,602,634.412112
0.019422,306,637.246163
0,468,639.444491
0,53,640.075926
0,83,640.688057
0,538,642.642679
0,224,643.65847
0,171,644.534105
0,111,645.215725
0,106,645.894427
0,110,646.637125
0,18,647.08117
0,110,647.89322
0,103,648.667713
0,507,650.537304
0,550,652.407578
0,345,653.779032
0,189,654.706972
0.009367,229,655.731003
0,823,659.956702
0,714,662.350637
0,271,663.578123
0,462,665.436377
0.023348,1001,669.225631
0,160,670.12196
0,80,670.810226
0,231,671.90698
0,23,672.360443
0.003378,343,676.087416
0,248,677.622973
0,279,679.284755
0,167,680.40703
0,274,681.581917
0,85,682.194201
0,76,682.739112
0.015581,66,683.255475
0.000115,369,684.634792
0,563,686.782449
0,84,687.346976
0,75,687.994364
0,261,689.534
0,251,690.810608
0,65,691.412682
0,633,694.032555
0,143,694.868095
0,328,696.252825
0.014176,633,699.845476
0,282,700.997544
0.019062,109,701.764015
0,188,702.966771
0,200,704.19353
0,312,705.878121
0,233,707.09562
0,244,708.199961
0,265,709.428117
0,26,709.862796
0,545,711.776493
0,150,712.526991
0,729,714.912252
0,376,717.348664
0,239,718.518656
0,443,720.35234
0,507,722.496488
0,108,723.169837
0,771,725.845969
0,395,727.327469
0,143,728.623377
0,196,731.340347
0,355,734.592926
0,47,735.335284
0,205,737.103892
0,476,740.72715
0,150,745.073915
0.004923,420,748.35799
0,483,751.927408
0,727,754.383467
0,144,755.102301
0,396,756.520911
0.005859,1001,759.681544
0,53,760.243757
0,90,760.935591
0,247,762.177747
0,622,765.543126
0,34,766.016245
0,264,767.758371
0.004804,249,770.183051
0.002584,143,771.706036
0.012446,99,772.602539
0,178,773.536464
0,162,774.399105
0,488,776.359751
0,109,777.021414
0,492,778.846661
0,19,779.246355
0,102,779.891253
0,43,780.345354
0,55,780.817859
0,217,781.765909
0.015083,124,782.474058
0.012821,508,784.371005
0,216,785.407136
0,845,789.243852
0,547,791.080711
0,162,791.873983
0,492,793.788289
0,552,795.753495
0,252,796.794347
0,337,798.170365
0,549,800.348781
0,213,801.361986
0,380,802.856655
0,313,805.580953
0,489,808.176544
0,66,808.869743
0,848,812.843522
0,155,813.893122
0,843,817.751495
0,120,818.572692
0,733,821.758403
0,380,823.67452
0,496,827.682407
0,33,828.194214
0,1001,832.548807
0,372,834.270121
0,28,834.740789
0,287,836.155049
0.086858,219,837.164134
0,390,838.836176
0,29,839.34006
0,249,840.445561
0,148,841.185002
0,380,842.710449
0,141,843.516707
0,165,844.332313
0.111624,1001,848.998038
0.008551,267,850.16396
0,233,851.152747
0,206,852.141196
0,298,853.385033
0,323,854.669626
0,73,855.20386
0,115,855.911076
0,47,856.452514
0,294,857.672371
0,86,858.25475
0,82,858.865851
9.9e-05,192,859.824475
0.03576,844,862.699678
0,102,863.330999
0,93,863.92875
0,201,864.856819
0,437,867.61378
0,303,868.80773
0,758,871.299286
0,331,872.558224
0,60,873.060421
0,169,873.909709
0,978,877.058858
0,136,877.835677
0,187,878.764616
0,46,879.267272
0.331321,628,881.587591
0,487,885.113124
0,40,885.661964
0,65,886.242996
0,71,886.829932
0.031567,52,887.310136
0,166,888.166999
0.009186,51,888.703017
0,150,889.575696
0,169,890.445627
0,246,891.536325
0.004351,238,892.667412
0,784,895.29183
0,144,896.099153
0,207,897.049228
0,479,898.976095
0,106,899.686876
0,93,900.28504
0,49,900.842079
0,278,901.993275
0,93,902.721172
0,357,904.148243
4.8e-05,269,906.658729
0.047521,304,907.903304
0,945,911.04753
0,304,912.382883
0.018187,472,914.105654
0,69,914.655147
0,415,916.27398
0,199,917.700082
0,790,920.548678
0,363,921.974316
0,119,923.811759
0,164,924.59864
0,66,925.119814
0,101,925.732739
0,223,926.704293
0,635,928.997302
0,510,930.913997
0,106,931.531944
0,124,932.225311
0,329,933.554411
0,43,934.041301
0,156,934.875056
0.017867,96,935.520331
0,207,936.516266
0,295,937.951399
0,198,938.897728
0,31,939.35451
0,330,940.824373
0,26,941.294128
0,235,942.488101
0,508,946.112754
0,189,947.05045
0,268,948.243758
0,82,948.871712
0,57,949.438509
0,368,951.012645
0,111,951.700099
0,142,952.48212
0,172,953.370169
0.008999,519,955.245984
0,580,957.426888
0.012814,352,958.8733
0,182,959.816478
0,492,962.017391
0.003634,240,964.544914
0,226,965.506291
0,161,966.311094
0,71,966.893434
0,250,967.995936
0,97,968.62372
0,475,970.338113
0,223,971.376699
0,33,971.832361
0,35,972.241818
0,83,972.885979
0,105,973.514857
0,249,974.770917
0.007626,57,975.328273
0,149,976.115932
0,110,976.773212
0.000877,250,977.859255
0,120,978.520247
0,167,979.388039
0,214,980.344188
0,652,982.566582
0,229,983.586228
0,174,986.108443
0,208,987.164613
0,497,989.060648
0,207,990.061046
0,250,991.176911
0,196,992.151192
0,180,993.110404
0,167,993.988151
0.017301,258,995.120416
0,175,996.000131
0,239,997.104909
0,380,998.656867
0.001944,84,999.239655
0,1001,1002.460618
0,64,1003.011623
0,49,1003.52557
0,348,1006.412018
0,81,1007.149409
0,168,1008.155464
0,203,1009.231019
0,134,1010.042073
0.027975,350,1011.495833
0,475,1013.316587
0.051317,295,1014.606945
0,508,1016.484315
0.000238,168,1017.381495
0,67,1017.956441
0,116,1018.662825
0,725,1021.134501
0,252,1022.273655
0,199,1023.313738
0,180,1025.847994
0,406,1027.426856
0,318,1028.725596
0,357,1030.146178
0.018105,175,1030.948187
0,25,1031.344476
0,897,1034.20018
0,203,1035.142832
0,126,1035.819688
0,140,1036.56083
0,478,1038.224052
0,282,1039.370058
0,616,1042.671265
0,290,1043.932826
0,442,1045.63076
0,512,1047.580163
0,152,1048.445168
0,149,1049.26533
0,442,1050.959878
0,147,1051.767367
0.23713,216,1052.773036
0,78,1053.387536
0.003143,410,1055.013283
0.008157,301,1056.260723
0,1001,1062.107899
0,71,1062.729251
0,388,1064.453886
0.006479,29,1064.862007
0,314,1066.062015
0,114,1066.696372
0,44,1067.152543
0.086446,207,1068.015342
0,25,1068.424448
0,223,1069.708987
0.003813,115,1070.468177
0,228,1071.512458
0,29,1071.906532
0,62,1072.418939
0,271,1073.558184
0,61,1074.078777
0,131,1075.254225
8.7e-05,404,1079.046207
0,118,1080.544591
0,105,1081.73544
0,146,1083.10549
0,265,1085.196505
0.025756,853,1094.267531
0.011426,934,1099.351629
0.016437,426,1100.919403
0,364,1102.243094
0,130,1102.959364
0,327,1104.184793
0,109,1104.825032
0,146,1105.562884
0,101,1106.174722
0,258,1107.198961
0,324,1108.424078
0.003481,99,1109.011321
0,52,1109.482442
0,164,1110.267256
0,295,1111.396642
0,126,1112.068999
0,250,1114.107679
0,233,1115.065612
0,65,1115.583108
0,197,1116.448653
0,161,1117.213632
0,112,1117.852921
0,229,1118.796884
0,330,1120.050194
0.053843,645,1122.119649
0,141,1122.825837
0,672,1124.974222
0,106,1125.586131
0,124,1126.259371
0,49,1126.718661
0,108,1127.341953
0,127,1128.031007
0,509,1129.78925
0,65,1130.275676
0,62,1131.825421
0.06953,144,1132.564886
0,262,1133.614264
0,114,1134.256592
0,557,1136.188293
0.007249,72,1136.731101
0,51,1137.224655
0,154,1137.986626
0,349,1139.281244
0,182,1140.120293
0,202,1141.000032
0,77,1141.561961
0,290,1142.712771
0.013268,432,1144.299508
0,106,1144.918193
0,154,1145.680737
0,300,1146.831265
0,248,1147.953528
0,222,1149.100443
0,138,1150.986326
0,344,1152.456509
0,877,1155.283451
0,59,1155.818219
0.004086,118,1156.521808
0,102,1157.371623
0,60,1158.021008
0,90,1158.823586
0,490,1161.448552
0.00285,168,1162.409492
0,237,1163.537586
0,309,1164.869118
0,52,1165.342013
0.018504,492,1167.281245
0.017523,53,1167.832785
0,55,1168.426186
0.003527,820,1172.546454
0,319,1173.955696
0,193,1174.926054
0.009544,41,1175.609712
0.002115,429,1177.521771
0.212888,374,1178.91266
0,106,1179.58688
1.105685,609,1181.685729
0,326,1182.955283
0,208,1183.901935
0,70,1184.437001
0,567,1186.433358
0,414,1187.989193
0,494,1190.887297
0,210,1191.815087
0,273,1193.017067
0.037835,95,1193.665024
0.173843,625,1195.868269
0,103,1196.565865
0,97,1197.194743
0,834,1200.022648
0,283,1201.154915
0,135,1201.906447
0,394,1203.54821
0,244,1204.571238
0,250,1205.709217
0,203,1206.754605
0.118508,220,1210.043264
0,73,1210.835234
0,29,1211.408318
0,281,1213.021411
0,93,1213.80305
0,508,1216.304566
0,28,1216.844876
0,518,1219.375402
0,139,1220.406387
0,240,1221.915854
0.004992,57,1222.533719
0,108,1223.338903
0,345,1224.777974
0,302,1226.119952
0.04462,76,1226.73893
0,206,1227.696562
0,352,1229.193727
0.069626,249,1230.358776
0,194,1231.304989
0,735,1235.309646
0.017271,924,1238.857276
0,379,1240.321417
0,193,1241.208655
0,253,1242.320302
0,176,1243.213192
0,114,1243.996758
0,777,1247.027024
0,185,1248.032498
0,310,1249.712584
0,172,1250.553025
0,301,1253.437419
0.004471,304,1254.94658
0,50,1255.706163
0,191,1256.647548
0,200,1257.625116
0,123,1258.389505
0,145,1259.28428
0,353,1261.069172
0,619,1263.402146
0.005546,324,1264.804079
0,58,1265.318797
0,576,1267.376674
0,263,1268.527794
0,23,1268.969241
0,52,1269.593447
0,54,1270.176707
0.004273,588,1274.501718
0,342,1276.052375
0,600,1278.056899
0,991,1281.140386
0,184,1282.023841
0.532567,463,1283.654959
0,130,1284.398162
0,110,1285.161681
0,187,1286.13786
0.006865,222,1287.092772
0,276,1288.322898
0,135,1289.06481
0,213,1290.19846
0,852,1294.291971
0,23,1294.713763
0,253,1295.953496
0,118,1296.848371
0,72,1297.462857
0,100,1298.107789
0.009396,742,1300.691365
0,106,1301.347735
0.008767,222,1302.468544
0,306,1305.372766
0,463,1309.475101
0,480,1312.956139
0,777,1321.487236
0,158,1322.478065
0,450,1324.205535
0.720023,532,1325.994602
0,179,1326.819856
0,43,1327.290788
0,140,1328.044517
0,258,1329.11338
0,846,1331.786268
0,283,1332.874704
0,31,1333.28127
0,37,1333.725034
0,132,1334.437311
0,304,1335.600904
0,40,1336.041308
0.005963,590,1339.094426
0.010233,90,1339.713537
0,203,1340.703217
0,372,1342.115647
0.070334,32,1342.534116
0,141,1343.440932
0,239,1344.628331
0,82,1345.225173
0.003728,634,1347.465424
0,428,1349.046739
0,397,1350.526024
0.00169,151,1351.357607
0.2094,135,1352.092862
0,328,1353.392839
0,199,1354.347631
0,120,1355.030488
0,219,1356.030974
0.02962,684,1359.392487
0.001756,374,1360.787767
0,299,1361.945436
0,39,1362.397161
0,788,1364.913666
0,549,1366.76428
0,279,1367.875755
0,325,1369.078152
0,212,1369.980765
0,63,1370.481552
0,66,1370.996547
0,535,1372.816737
0,350,1375.162606
0,77,1375.695512
0,489,1377.413098
0,188,1378.267928
0,116,1378.934294
0,93,1379.637518
0,195,1380.646404
0,115,1381.349812
0.083435,105,1382.02967
0,542,1383.908715
0,338,1385.310895
0,246,1386.358847
0,123,1387.089957
0,838,1390.339701
0,211,1391.440658
0,195,1393.9056
0,239,1395.002757
0,158,1395.863669
0.007402,178,1396.781972
0.005458,91,1397.39568
0,97,1398.007993
0,55,1398.572173
0,105,1399.424627
0,134,1400.258702
0,85,1400.88654
0,41,1401.349575
0.023888,329,1402.748101
0,305,1403.975977
0,101,1404.652959
0,343,1406.146639
0,130,1406.945672
0,131,1407.809924
0,130,1408.59549
0,50,1409.083922
0,452,1410.796165
0,95,1411.399793
0,21,1411.825172
0,103,1412.512751
0,197,1413.471868
0,156,1414.257737
0,19,1414.729634
0,110,1415.432452
0,94,1416.248675
0,256,1418.923988
0,82,1419.526936
0,481,1421.448304
0,391,1423.115454
0,192,1424.103316
0,93,1424.741374
0.011755,848,1427.459692
0.007085,737,1430.408585
0,228,1431.825298
0,269,1432.953698
0,149,1433.748113
0,391,1435.173478
0,221,1437.266423
1.739747,1001,1440.426686
0,31,1440.843434
0.016453,979,1444.011384
0,544,1446.149652
0,111,1446.878826
0,72,1447.7335
0,295,1449.607451
0,125,1450.344881
0,1001,1454.790148
0,163,1455.572945
0.076109,476,1457.21425
0.003977,139,1458.135327
0,598,1460.954615
0,27,1461.366755
0,495,1463.188378
0,560,1465.17289
0.193503,244,1466.295612
0,392,1468.067799
0,183,1468.948214
0,191,1469.809011
0.022996,296,1471.050599
0,619,1474.305368
0,507,1476.086806
0,128,1476.753332
0.005287,177,1477.616467
0,185,1478.455887
0.005193,711,1480.833573
0,252,1481.878166
0,274,1483.099542
0,504,1485.421133
0.012805,54,1486.077133
0,99,1486.754491
0,220,1487.702412
0,103,1488.574203
0,35,1489.207832
0,292,1492.41117
0,297,1493.869646
0,1001,1497.075518
0.058337,278,1498.504084
0.106154,242,1499.732082
0,254,1500.903525
0,637,1503.352111
0,364,1505.046093
0,156,1505.878792
0.022521,101,1506.497604
0,207,1507.508712
0,369,1508.976069
0,352,1511.708182
0,292,1512.855569
0.000684,397,1514.323212
0,67,1514.858331
0,85,1515.455393
0,613,1517.527631
0,217,1518.477419
0,128,1519.215601
0.001801,123,1519.87556
0,300,1521.114805
0.053693,851,1523.943948
0.007473,166,1524.750809
0,1001,1529.088901
0,568,1531.449636
0,488,1533.221749
0,55,1533.70869
0,48,1534.211174
0.01923,164,1535.027941
0.173908,201,1535.958638
0,446,1537.669042
0,197,1538.611606
0,117,1539.31798
0.014756,215,1540.311442
0,852,1543.025319
0,94,1543.624859
0,1001,1547.855358
0,445,1549.457991
0,293,1550.678587
0,66,1551.22885
0,163,1552.03269
0,233,1553.020156
0.00161,37,1553.492675
0.036457,805,1556.06674
0,331,1557.605186
0,32,1558.169889
0,605,1560.30603
0,214,1561.366746
0.512626,181,1562.212647
0,423,1565.135876
0,182,1565.955363
0,220,1566.902555
0.099302,175,1567.739488
0.133092,509,1569.584017
0,168,1570.421929
0.009228,633,1572.552917
0,235,1573.589337
0,244,1574.673829
0.005271,181,1575.647349
0.002284,585,1577.762522
0,472,1579.460222
0,194,1581.656539
0.010261,160,1582.47173
0,271,1583.57829
0,251,1584.646564
0,156,1585.458381
0,149,1586.23131
0,236,1587.24091
0.011532,359,1588.631891
0,84,1589.261685
0.149983,376,1590.689189
0,248,1591.732231
0.021818,164,1592.540632
0,1001,1595.643211
0.096585,367,1596.996996
0.029955,262,1599.788302
0.003131,344,1601.259432
0.022807,132,1602.022271
0,170,1602.964105
0,336,1604.225342
0,136,1604.913515
0,229,1605.895035
0.054253,600,1607.979911
0,51,1608.468057
0.010405,216,1609.396991
0,352,1610.740619
0,378,1612.145076
0,268,1613.229057
0.234512,293,1614.432088
0.003115,107,1615.092856
0,160,1615.856959
0,65,1616.364724
0.005133,401,1619.243996
0,226,1620.25694
0,163,1621.012429
0,178,1621.835425
0,546,1623.711046
0,80,1624.310553
0,134,1625.018701
0,223,1625.955492
0,365,1627.376418
0,673,1629.727407
0.010628,168,1630.608769
0,661,1633.08623
0,131,1633.8054
8e-06,255,1634.905554
0,112,1636.755438
0,240,1637.884449
0,562,1639.798258
0.000165,494,1641.710819
0,737,1644.312053
0,206,1645.300523
0,1001,1648.569553
0,335,1649.889442
0.054351,545,1653.222766
0.05862,431,1654.810364
0.039194,328,1656.157524
0,433,1657.859578
0,204,1658.788339
0,1001,1662.043883
0,27,1662.453837
0,256,1663.55513
0.014758,644,1665.749552
0,271,1666.890855
0.007683,1001,1671.971575
0,372,1673.501361
0,61,1674.001437
1.280502,582,1676.003583
0.0469,36,1676.48046
0,79,1677.051898
0,552,1678.977594
0,517,1680.830096
0,1001,1684.077219
0,61,1684.660937
0.024395,989,1689.130585
0,153,1689.872703
0,213,1690.866683
0,55,1691.371165
0.143498,279,1692.530149
0.223412,353,1693.881968
0.024141,250,1694.929275
0.066117,117,1695.63886
0.023829,102,1696.302987
0.008636,271,1697.415506
0.032406,646,1699.661406
0.116086,244,1700.736155
0,325,1702.008229
0.021523,131,1702.816633
0,213,1703.795838
0.006085,77,1705.860642
0.029258,464,1707.578925
0,115,1708.225821
0.182359,717,1710.789516
0.029361,259,1711.882423
0.027415,163,1712.722892
0.021565,85,1713.287894
0,188,1714.231043
0,170,1715.06232
0,187,1715.940755
0,127,1716.681176
0.003461,206,1717.694835
0,168,1718.580915
0,266,1719.677037
0.019096,209,1720.638252
0,460,1722.327595
0,86,1722.908113
0,152,1723.724267
0,450,1726.770702
0.001004,1001,1730.175299
0,28,1730.711479
0.003568,267,1731.964547
0,167,1732.90773
0,369,1734.437802
0.208568,1001,1738.007299
0,142,1738.7887
0,457,1740.44312
0,178,1741.311668
0.000735,314,1743.674083
0,157,1744.476972
0.009511,186,1745.318303
0,137,1746.087843
0,91,1746.703966
0,290,1747.91425
0.09694,95,1748.638605
0,1001,1752.146877
0.010138,160,1753.168839
0.028655,78,1753.991199
0,273,1755.197522
0,1001,1758.523819
0.050587,196,1759.366695
0.00181,356,1762.050503
0,169,1762.916852
0,25,1763.357049
0,1001,1766.64313
0,370,1768.0409
0,190,1768.974888
0,156,1769.897635
0,254,1771.13994
0.016608,333,1772.51944
0.457403,937,1775.466309
0,76,1775.999613
0.032036,684,1779.570749
0.000354,658,1781.84894
0.00079,376,1783.530906
0.023901,333,1784.81087
0.000537,603,1787.003453
0.029569,114,1787.805001
0.216434,946,1790.965212
0,184,1791.866552
0,139,1792.647295
0,693,1796.068627
0,257,1797.25604
0.362038,243,1798.354553
0,123,1799.059933
0.01019,399,1800.523795
0.071441,340,1801.906946
0.135552,1001,1805.288402
0.172039,102,1805.948067
0.018802,209,1806.916428
0,74,1807.450157
0.040252,66,1808.015927
0.525875,138,1808.779324
0.016447,395,1810.271351
0,264,1811.367011
0,152,1812.154025
0,66,1812.704762
0.041685,805,1816.69163
0,274,1817.93453
0,59,1818.421467
0.00608,175,1819.289394
0.028109,321,1820.529995
0,978,1823.67189
0,1001,1826.878162
0,222,1827.890402
0.0513,348,1830.488472
0.062154,124,1831.174992
0,44,1831.652739
0,392,1833.116574
0.034656,35,1833.572795
0.106232,372,1835.14333
0,482,1836.840466
0.219913,292,1838.056454
0.072418,283,1839.220698
0.009767,155,1840.044563
0.711176,181,1840.91174
0.064056,347,1842.227406
0,511,1844.057067
0,16,1844.434659
0,427,1846.183919
0,59,1846.707354
0,749,1850.125927
0,91,1850.750617
0.025862,412,1852.26677
0,328,1853.577927
0,698,1855.894553
1.307347,246,1856.935252
0,119,1857.613297
0.241079,534,1859.394731
0.002662,50,1859.901278
0.00111,105,1860.535057
0,71,1861.149107
0,419,1862.823572
0.054673,207,1863.740311
0,385,1866.238605
0,127,1866.996777
0.000214,197,1867.957435
0.006668,434,1869.534183
0,329,1870.887048
0.154611,338,1872.23825
0.115539,337,1873.54092
0,216,1874.4589
0.012971,224,1875.417776
0,57,1875.935702
0.022401,341,1877.270526
0,504,1879.068355
1.439876,411,1880.616184
0,159,1881.391712
0,171,1882.19198
0,74,1882.717633
0.049518,444,1885.413306
0,360,1886.755353
0.042214,493,1888.48684
0.028674,477,1890.107435
0,222,1891.085595
0,1001,1894.399436
0.107942,276,1895.576696
0.822935,977,1898.743779
0,64,1900.319369
0.007357,1001,1903.855692
0,156,1904.6238
0,547,1906.648682
0.001477,703,1909.259119
1.178447,784,1912.24942
0,547,1914.341269
0.052305,611,1918.05553
0.019542,144,1918.777656
0.075462,158,1919.59411
0.242488,776,1922.411132
0,507,1924.470077
0,537,1926.390069
0,306,1927.666989
0.068296,93,1928.327603
0.002849,891,1931.219488
0.040415,404,1934.196837
0.018696,385,1935.744903
0,65,1936.295948
0,399,1937.744956
0,58,1938.279644
0.007548,351,1939.666082
0.068079,209,1940.724518
0.016202,227,1941.775753
0.034523,500,1943.522437
0,123,1944.326373
0,675,1946.685039
0,1001,1949.807281
0.027859,169,1951.894698
0,45,1952.341879
0.017875,162,1953.157629
0,103,1953.753894
0.008231,183,1954.660552
0,92,1955.272464
0.036217,358,1956.607137
0.022502,127,1957.375194
0,211,1958.33871
0,369,1959.714614
0.010079,127,1960.393108
0.02406,176,1961.232833
0.551011,197,1962.219452
0.001996,290,1963.437988
0,501,1965.225822
0,258,1966.319648
0.024339,412,1967.836571
0,55,1968.368732
0.005521,182,1969.254308
0.023231,521,1972.614985
0,58,1973.133399
0,271,1974.265129
0.196855,143,1974.963637
0.397226,162,1975.787888
0,93,1976.422508
0,79,1976.956686
0,315,1978.225487
0,97,1978.822829
0,664,1981.048323
0,117,1981.731524
0,327,1983.191051
0,208,1984.206045
0,204,1985.1706
0,362,1986.535547
0.04515,179,1987.401187
0,149,1988.205784
0.023327,200,1989.123307
0.021475,557,1992.600635
0.031789,359,1993.972958
0.344156,296,1995.200167
0,252,1996.263653
0,642,1998.499089
0,230,1999.512058
0,273,2000.654955
0,346,2001.951545
0,353,2003.350641
0,648,2005.58387
0,103,2006.248942
0,397,2009.199604
0.038575,53,2009.67
0.411268,147,2010.441421
0.00918,251,2011.49105
0,167,2012.326691
0,348,2013.654888
0.009989,73,2014.254529
0.068451,676,2016.484659
0.016118,679,2018.769056
0.010041,140,2019.52124
0.014104,408,2021.010354
0.001027,172,2021.833819
0,129,2022.587378
0.262192,211,2023.57432
0.118081,786,2027.42741
0,370,2028.795856
0,162,2029.613241
0.012216,79,2030.16322
0.005599,123,2030.865618
0,89,2031.534367
0.004828,364,2033.128149
0,369,2034.637497
0.406812,966,2037.738345
0.020477,354,2039.241528
0.060762,89,2039.917807
0.063338,364,2041.35946
0.022512,832,2045.399342
0.01543,209,2046.42381
0.259629,227,2047.509995
0,55,2048.082881
0.00304,440,2049.71852
0.009682,26,2050.112155
0,64,2050.644832
0,143,2051.412254
0,291,2052.63071
0,86,2053.20785
0,225,2054.182137
0.313849,695,2056.459368
0,1001,2059.492219
0.113021,720,2063.250631
0.011634,543,2065.177584
0,49,2065.681499
0.023586,210,2066.642521
0,670,2068.868643
0,484,2070.722122
0.49005,490,2072.414455
0,29,2072.821421
0.012373,512,2074.699569
0,27,2075.1246
0.788923,871,2079.019169
0,249,2080.260583
0.060803,131,2080.953601
0,91,2081.557935
0,590,2083.675857
0,504,2085.505693
0,368,2086.84765
0.288379,543,2088.774308
0.000732,112,2089.436123
0,659,2091.649755
0,348,2092.97215
0.211875,381,2095.507791
0,119,2096.168132
0.176995,585,2098.154173
0,476,2099.776133
0.398515,1001,2103.181508
0,46,2103.720407
0.00398,93,2104.357846
0,737,2106.911523
0,177,2107.918156
0,150,2108.75246
0.01221,280,2109.877626
0,66,2110.396063
0.077281,97,2111.024354
0.471761,1001,2115.385876
0.114797,87,2115.951016
0.020747,456,2117.623029
0,83,2118.176816
0.245842,1001,2121.313894
0,244,2122.342003
0.00377,542,2124.198637
0.0157,163,2125.032708
0,198,2125.939152
0.109948,815,2130.404589
0,544,2132.660798
0.15764,583,2134.748767
0.075221,113,2135.377004
0.12837,562,2137.625669
0.06047,184,2138.598533
0.042277,1001,2142.062601
0.128757,892,2146.035321
0.376899,485,2147.871388
0.008531,321,2149.138119
0.397797,58,2149.624181
0.022559,238,2150.816734
0.018148,131,2151.565357
0,98,2152.195317
0.508074,29,2152.606371
0,309,2153.895293
0,135,2154.572502
0.066576,684,2156.863038
0.003709,453,2158.47873
0,20,2158.929601
0,251,2160.000697
0,157,2160.735016
0.014509,63,2161.275327
0.001749,354,2162.871983
0.127161,259,2165.402584
0.087057,447,2167.109618
0.315897,250,2168.216544
1.249446,74,2168.755977
0.002888,44,2169.269155
0.010407,46,2169.867181
0.385116,242,2170.898104
0.001875,542,2172.855628
0.002328,282,2174.145804
0.25306,128,2175.070778
0.014661,159,2175.941583
0,1001,2179.17748
0.395583,60,2179.666773
0.384025,590,2181.723692
0.404505,681,2185.462803
0.425293,372,2186.883551
0,24,2187.278998
0.005959,175,2188.162056
0.005823,182,2189.044423
1.187492,394,2190.4988
0,666,2192.73924
0,119,2193.414401
0.567924,110,2194.10827
0,779,2196.692178
0.004297,217,2197.766993
0,303,2198.980329
0,51,2199.451991
0,318,2202.072237
0.019922,127,2202.764303
0.667696,619,2204.769472
0,73,2205.348142
0.775665,291,2206.571626
0,442,2208.243886
0.006556,156,2209.045752
0.015661,118,2209.68946
0.055339,270,2210.819502
0.004355,542,2212.724642
0.992238,154,2213.487059
0,329,2214.814739
0,234,2215.874599
0,276,2217.078625
0.047019,203,2218.051994
0.609,652,2221.577563
0,269,2222.698658
0.495326,348,2224.032921
0,287,2225.312554
0.01578,366,2226.7539
0,185,2227.687039
0.34317,722,2230.220525
0.03894,306,2231.58014
0.028132,55,2232.130876
0.128515,77,2232.714891
0.029497,126,2233.468917
0.09552,233,2234.575499
0,342,2235.924971
0,364,2238.739811
0.219862,517,2240.524297
0.200732,123,2241.246649
0,123,2241.948512
0.005996,222,2242.878252
0.002629,104,2243.506953
0,114,2244.193067
0.037427,226,2245.194316
0.000438,319,2246.582273
0,260,2247.699324
0.443118,507,2249.505461
0.129229,98,2250.166818
0.069122,339,2251.471221
0,896,2254.383923
0.026865,109,2257.578335
0,167,2258.583561
0.400125,696,2261.588835
0.156668,888,2264.757634
0,297,2266.11419
0.000369,400,2267.754282
0,45,2268.397813
0,427,2270.851009
0.012474,25,2271.34346
0.002815,158,2272.862381
0.005403,195,2273.964687
0.019842,32,2274.56319
0.028057,301,2276.33216
0.074788,138,2277.745931
0.067421,99,2278.438887
0,39,2278.910149
0.399773,433,2282.416089
0,182,2283.429767
0,238,2284.589025
0.120811,207,2285.59647
0.156521,1001,2289.088581
0,284,2290.423187
0.100836,316,2291.733371
0.002071,406,2293.48358
1.042328,411,2295.613464
0,52,2296.486777
0.122671,331,2297.854108
0.099897,240,2299.456009
0.023775,244,2302.373521
0.006463,173,2303.304576
0.073135,565,2306.013491
0.014381,120,2306.757583
0.017669,344,2308.4841
8.5e-05,54,2309.005035
0.135409,301,2310.71192
0.131603,100,2311.449836
0.001657,905,2315.069291
0.363645,191,2315.9835
0.50555,313,2317.278658
0.349594,470,2319.351935
0.113161,533,2322.794074
0,73,2323.344387
0.099419,201,2324.305931
0,130,2325.049603
0.08176,484,2326.860231
0.759505,232,2327.89024
0.10451,69,2328.525342
1.549071,239,2329.607056
0,106,2330.329977
0.42739,557,2332.379725
0,195,2333.359023
0.056849,433,2335.019261
0.073813,294,2336.44583
0.066405,108,2337.122329
0.02503,90,2337.703481
0.132788,82,2338.332286
0.030812,62,2338.835005
0.415201,169,2339.67515
0,189,2340.601395
0,45,2341.091624
0,51,2341.580949
0.044314,316,2344.227656
0.413933,286,2345.405811
0.010469,168,2346.242268
0.042775,231,2347.253045
0.03141,116,2347.957387
0.000516,105,2348.617038
0,104,2349.293846
0.263314,1001,2352.423211
0.030168,507,2354.316637
0.183441,380,2355.722476
0.607635,417,2357.304761
0,128,2358.044023
0.874518,176,2358.862613
1.010227,727,2362.634935
0.056285,174,2363.516048
0.176027,150,2364.303754
0,109,2364.9751
0.024813,191,2365.896868
0.0247,357,2367.434341
0,553,2369.45675
0.589275,984,2372.60023
0.109388,1001,2375.71442
0.003311,269,2377.937108
0.043033,389,2379.683684
0.039662,179,2380.563411
0.019471,105,2381.312557
0.016848,172,2382.302179
0.076841,192,2383.2699
0.004067,123,2384.007965
0,242,2385.093981
0,167,2385.978437
0,89,2386.607703
0.542641,338,2387.960607
0.165405,206,2388.916408
1.208201,320,2390.271257
0,571,2392.320484
0,380,2393.849987
0.034431,470,2395.654316
0.000437,275,2397.868445
1.067045,159,2398.74798
0.125164,135,2399.583045
0,73,2400.172627
0,194,2401.338331
0.000529,60,2401.875143
0.004173,688,2405.227257
0.169789,128,2405.991164
0.082204,778,2408.974825
0.09833,790,2412.306283
0.209395,91,2412.995629
0.000944,686,2415.564709
0.02146,64,2416.181147
0.011292,344,2419.079322
0.046877,224,2420.148834
0,60,2420.859884
0,159,2421.732198
0.031422,450,2423.630478
0.350741,749,2426.406643
0,373,2427.986169
0.257489,267,2429.398127
2.021168,450,2431.013089
0.737333,774,2433.814251
1.628761,451,2437.0248
0.100125,732,2439.626783
0.0097,92,2440.299092
0.131368,811,2443.255798
0.216857,338,2444.849703
0.384976,431,2446.68961
0.504829,199,2447.650287
0.144077,27,2448.105772
0.012924,321,2449.511185
0.002027,584,2451.589426
0.003665,529,2455.361009
0.016256,346,2456.802766
0.471038,142,2457.637635
0.111097,549,2459.682362
0,56,2460.233003
0.02276,718,2463.141225
0.116493,144,2463.996736
0,329,2465.511105
0.003347,409,2467.05447
0.003922,1001,2470.298704
0.016786,278,2471.499848
1.083296,165,2473.79291
0,242,2475.017364
0.043005,217,2476.075273
0.16875,163,2476.936004
0,314,2478.19435
0.13607,234,2479.272961
0,363,2480.638797
0,61,2481.137378
0.014599,87,2481.769942
0.003136,83,2482.31965
0.006363,154,2483.138221
0,169,2483.994345
0.028752,850,2486.736002
0.27167,447,2488.35147
0.18125,86,2488.947832
0,172,2489.954713
0,166,2490.857421
0,257,2493.262352
0.001654,365,2494.665904
0.112276,373,2496.081132
0.033305,237,2497.090658
0.323432,908,2500.03051
0.002985,798,2502.644304
0.009901,517,2504.442753
0.446317,614,2506.696406
0.036434,173,2508.783276
0,485,2510.558851
0,168,2511.35801
0.107997,44,2511.88075
0.651395,394,2513.345467
1.249756,373,2514.727914
0.25572,89,2515.319032
0.521914,728,2517.664346
0.034678,112,2518.307969
1.02343,70,2518.842022
0.020099,431,2520.44418
0.006264,300,2521.567095
1.373119,115,2522.195602
0.457573,716,2524.679854
0.029162,262,2527.134058
0,29,2527.55944
2.554279,411,2529.222211
1.318127,330,2530.484114
0.980503,116,2531.140154
0.002888,227,2532.220454
0.111917,90,2532.881984
0.051386,270,2534.014784
0,963,2537.224181
0.136199,895,2540.236123
0,612,2543.420996
0.074393,434,2544.964285
0.000197,511,2546.794297
0.182437,171,2547.643263
0.002581,353,2548.960169
0.068658,145,2549.746155
0.265569,495,2551.474081
0.044694,312,2552.700732
0.034066,197,2553.563538
0.268213,367,2554.974103
0.435265,302,2556.153997
0.143555,230,2557.214983
0.00441,186,2558.063559
0.029915,138,2558.864886
0,301,2561.224788
0.183177,157,2562.030982
0,838,2564.754751
6.6e-05,53,2565.223835
1.082074,375,2566.632035
0.721967,758,2569.102205
1.405717,476,2570.777558
1.004763,117,2571.425977
0.135357,481,2573.317738
0.472373,139,2574.136213
1.238565,455,2575.962551
0.768852,675,2579.756582
0.135778,86,2580.341748
0.676846,835,2583.245887
0.017865,152,2584.064501
0.010541,422,2585.69195
0.818122,224,2586.970262
0.212581,272,2588.13188
0.021137,51,2588.617766
0.726636,632,2591.164002
1.410902,102,2591.832725
0.079305,891,2596.005271
0.451098,357,2597.461268
0.96573,581,2599.79775
0.09691,105,2600.490701
0.017718,191,2601.454864
0.874059,142,2602.240407
0.010273,175,2603.270231
0.017083,126,2604.040612
0.223124,211,2605.176031
0.761101,113,2605.86306
0.238948,555,2607.890757
0.038799,64,2608.422195
0.091552,60,2609.03686
0.441357,378,2610.522599
0.198723,105,2611.199865
0.04094,360,2612.710471
0.327261,239,2613.780425
2.114866,691,2617.979918
0.27231,99,2618.622544
0.011356,51,2619.172702
2.459505,334,2620.639917
1.542467,365,2622.117503
0.049094,78,2622.697501
0.081335,195,2623.685214
0,20,2624.125825
0.204662,155,2624.959135
1.368546,398,2626.562587
0,116,2627.346934
0.181968,150,2628.165232
0.112445,196,2629.191763
3.802323,586,2631.35301
0.252073,676,2633.671392
0.035294,191,2634.637978
0.081095,90,2636.477079
0.586524,997,2639.916875
1.353873,99,2640.592222
0.722009,502,2642.911115
1.049097,109,2643.684189
0.071252,448,2645.57393
0.246551,727,2648.207303
0.129012,330,2649.67406
0,203,2650.687147
0.090172,292,2652.048396
0.238925,382,2655.117886
0.986612,196,2656.07934
1.082278,237,2657.247924
0.083168,54,2657.735069
0.1117,474,2659.680986
0.014426,466,2661.407015
0.139677,233,2662.412995
0.09941,118,2663.086157
0.222713,93,2663.690492
0.234118,268,2664.760922
0.577709,473,2666.52687
0.308548,472,2668.225833
0.590032,733,2670.820246
0.01896,70,2671.439696
0.681396,66,2672.032503
1.934727,281,2674.40607
0,194,2675.33078
0.013967,441,2676.895969
1.290386,292,2678.120378
0.005677,971,2681.253986
0.011799,45,2681.698253
1.818697,177,2682.524078
0.244428,360,2683.91464
0.713363,105,2684.537342
1.449781,379,2685.964255
0.006785,273,2687.173528
0.466647,555,2689.069473
0.0,305,2691.506338
0.045433,348,2692.831296
0.120281,118,2693.55042
0.085536,107,2694.218111
0.031699,103,2694.847495
0.263888,149,2695.601409
0,528,2697.415363
0.289242,1001,2700.53355
0.140943,157,2701.369847
1.687952,360,2702.790197
0.151557,170,2703.787191
0,436,2705.438249
0.359848,110,2706.143069
1.64869,369,2708.852793
0.101637,21,2709.294049
0.018239,123,2710.04867
2.547235,321,2711.297514
0.659728,520,2713.07829
0.406614,455,2714.686449
0.968527,1001,2717.946807
0.189283,255,2719.168061
0.385512,449,2720.834386
0.145378,233,2721.845464
0.168269,436,2723.458196
1.305498,719,2726.936169
0.225249,280,2728.051361
0.129142,215,2728.968923
0.066107,590,2730.987776
0.017824,349,2732.364061
1.721999,369,2733.764234
0.023214,170,2734.589258
0.16995,191,2735.610087
0.545219,786,2738.50666
0.861168,697,2742.063264
0.382062,598,2744.217064
1.119253,821,2747.011448
1.069744,169,2747.800828
0.350902,134,2748.494554
0.857145,545,2750.367611
0.276953,738,2752.953248
0.317581,137,2753.691389
0.503561,277,2754.792333
0.153439,26,2755.217477
0.677153,192,2756.068235
0.421236,174,2756.892186
0.722037,354,2759.237378
2.268952,576,2761.266935
0.006413,532,2763.231194
0.070628,275,2764.488746
0.131154,97,2765.119629
0.010422,409,2766.69599
0.214767,376,2768.171746
1.802221,290,2769.336107
0.265442,872,2772.133265
0.705594,458,2773.814436
0.648679,832,2777.445664
1.846891,762,2780.120995
3.097375,1001,2783.204322
0.826491,247,2784.212935
0.6579,318,2785.469063
1.063671,236,2786.532339
0.616716,315,2787.815223
0.265406,296,2788.950056
0,565,2792.079918
1.872576,276,2793.161821
0.042181,23,2793.570522
0.014983,768,2796.191389
0.005743,32,2796.668039
0.627493,123,2797.394941
0.803027,176,2798.292589
0.022057,525,2800.199115
8e-06,230,2801.214993
0.027014,430,2802.792456
0.214801,79,2803.445122
0.247106,356,2804.891025
0,77,2805.520019
0.01658,339,2806.820534
0.32115,173,2807.67593
0.06976,43,2808.129818
0.021353,290,2810.44252
0.976292,277,2811.669865
0.541491,238,2812.693918
0.111399,822,2815.408988
0.326905,534,2817.335421
0.519488,48,2817.839853
1.078613,426,2819.490258
2.256007,427,2821.119742
0.141945,460,2822.908332
2.503283,686,2826.365432
0.119562,67,2826.900069
0.044636,528,2828.858918
1.058273,935,2831.96507
0.050195,477,2833.692883
0.147616,299,2834.876745
1.544576,557,2836.88395
0.021191,629,2839.06377
0.089926,181,2839.943698
0.284847,397,2842.920179
0.052088,144,2843.688811
0.981626,850,2846.64486
2.707955,244,2847.676698
0.874468,156,2848.479784
0.527597,335,2849.796162
0.162262,108,2850.4396
0.927791,120,2851.114301
0.176983,262,2852.180253
0.243152,250,2853.201653
0.346151,124,2853.861839
0.594567,223,2854.848747
2.85557,176,2855.698258
1.16665,920,2858.682148
1.481172,190,2860.939647
1.067155,346,2862.292712
0,105,2862.936703
0.16696,202,2863.87363
0.146389,305,2865.086341
0.86295,455,2866.699935
0.286236,153,2867.473238
0.645281,145,2868.216055
0.575352,363,2869.537075
0.067924,244,2870.579602
0.046609,879,2873.399799
0.429872,46,2873.842116
0.024413,266,2874.974815
0.110066,51,2875.447726
1.006329,145,2876.165884
1.310922,735,2879.674992
0,588,2881.970422
0.194051,60,2882.552011
0.30175,93,2883.214339
0.585672,108,2883.874636
0.413799,255,2884.97762
0.691283,647,2887.182442
0.802868,1001,2890.317363
0.384024,280,2891.390612
0.475449,510,2893.149311
1.919781,465,2895.921961
0.637159,389,2897.343824
4.051525,503,2899.226359
0.040082,332,2900.685301
2.129945,914,2903.730585
1.00919,251,2904.999287
0.279186,367,2906.567749
0.777149,591,2908.782624
0.929874,161,2909.642932
0.325156,260,2910.792395
3.173226,130,2912.889957
0.74153,214,2913.89383
0.297636,105,2914.667851
0.923965,265,2915.947619
0.759752,815,2918.941329
0.316117,253,2920.072356
1.653438,143,2921.035487
0.052093,153,2921.843647
0.278202,790,2924.667311
0.50763,112,2925.378785
0.176887,316,2926.690405
1.207621,231,2927.823685
0.367503,297,2929.356025
0.064449,86,2930.275447
0.071066,410,2934.958601
0.740532,1001,2938.358969
0.63145,326,2939.749448
0,243,2940.943883
1.107052,1001,2944.610152
0.066001,281,2945.841407
1.865971,689,2948.416274
0.14902,481,2951.454367
0.033362,463,2953.671145
1.745338,1001,2957.341998
0.298581,109,2958.090848
0.207851,775,2961.058084
0.352072,769,2963.718287
1.101315,218,2964.65
0.249847,530,2966.740811
0.238016,333,2969.620995
2.304522,204,2970.611352
0.179871,128,2971.320122
0.272921,596,2973.940365
1.006033,410,2975.434766
4.550881,709,2977.996437
1.196044,126,2978.798745
0.245666,79,2979.419365
0.370536,277,2980.712814
0.809084,491,2982.598639
0,146,2983.43561
1.257537,308,2984.971288
0.174621,142,2985.867436
0.876553,353,2988.799356
0.365268,238,2989.852278
1.168864,519,2991.841201
0.174537,76,2992.420786
0.249689,168,2993.25814
3.798441,806,2996.004055
0.007348,317,2997.300753
0.859716,714,2999.831325
1.249291,112,3000.51776
0.404421,462,3002.262647
0.686668,314,3003.618641
0.168398,704,3007.831609
0.288115,185,3008.807464
0.262895,255,3010.034796
0.00809,77,3010.682536
0.665318,1001,3014.167758
0.492844,173,3015.168396
0.276103,308,3016.536286
0.047673,337,3017.936429
0.428889,160,3018.754129
0.465749,376,3020.281497
0.06334,359,3022.006795
0.979441,120,3022.693007
3.514916,735,3026.837327
4.024947,921,3030.285586
0.243082,239,3031.601177
0.674397,22,3032.123097
0.341796,59,3032.656836
3.177393,800,3035.808734
2.00526,484,3037.738993
0.473202,209,3038.740849
0.438235,218,3039.699868
2.005526,370,3041.24077
3.339942,514,3044.490366
1.087848,495,3046.333146
0.057883,215,3047.687044
2.374296,1001,3051.346302
1.214926,119,3052.176171
2.875692,508,3054.102373
1.551433,356,3055.63265
0.509648,111,3056.404415
0.901125,136,3057.173387
0.88797,158,3058.012764
0.994096,290,3059.316375
0.687231,577,3062.928622
1.861907,460,3064.730741
0.194823,350,3066.18155
0.779622,447,3068.040943
0.121058,60,3068.590265
2.179591,95,3069.24806
0.536187,126,3069.951314
1.640399,208,3071.001072
0.423636,135,3071.772482
1.010107,447,3073.679168
1.298782,76,3074.477964
2.017972,613,3076.991192
0.00329,227,3078.105794
0.031935,638,3080.449706
1.534738,71,3081.091329
0.927681,62,3081.612858
3.361729,227,3084.363324
0.115419,71,3084.928512
3.999559,639,3087.307975
1.323906,512,3089.305138
0.99172,111,3090.17508
2.756165,380,3091.776608
1.563376,193,3092.760703
0.896122,213,3093.793851
0.383425,391,3095.473549
1.537178,262,3096.71531
0.334666,224,3097.934279
1.592794,234,3098.937014
0.105067,328,3100.230138
0.179797,198,3101.091923
2.655957,334,3103.986045
1.989883,710,3106.329135
0.740208,165,3107.120015
0.076258,314,3108.529374
1.042655,312,3109.900249
0.64395,59,3110.480992
2.678492,239,3111.540613
1.989438,614,3113.824873
1.35888,648,3116.065901
4.370831,1001,3120.370841
1.160056,624,3122.794261
0.322796,567,3124.955572
0.129894,101,3125.634864
0.327527,287,3127.269822
0.008557,248,3128.476947
1.068138,534,3130.703402
0.068694,182,3131.791185
2.625873,1001,3135.25526
0.17672,159,3136.05339
0.625617,171,3136.88803
0.282936,551,3140.048779
1.029954,500,3141.866993
0.049113,210,3142.825134
1.244004,688,3145.249517
0.824589,1001,3148.481074
0.54199,715,3150.876077
0.05935,92,3151.522887
2.00986,307,3152.842216
2.509971,1001,3157.260235
0.189502,528,3159.138907
0.423449,149,3159.937143
2.051413,478,3161.686149
0.248827,247,3162.742648
1.173231,1001,3165.995674
3.144809,464,3167.697438
1.98989,237,3168.762281
1.208274,292,3171.233979
3.400888,169,3172.115848
1.202436,459,3173.867311
0.825849,637,3176.111462
0.196105,282,3177.351243
0.97834,367,3178.727224
0.012594,903,3181.61368
0.85078,76,3182.21174
0.01324,117,3183.077623
0.589159,249,3184.203946
0.313796,136,3184.980385
1.102776,478,3186.751196
1.17673,787,3190.564924
2.621114,735,3192.965569
0.192912,381,3194.442364
0.258569,873,3197.343759
2.236426,242,3198.428513
0.202469,181,3199.258746
1.87967,140,3199.963138
0.165554,109,3200.668645
1.464838,100,3201.262968
1.730843,198,3202.177452
1.254091,697,3205.586603
1.140108,203,3206.510596
1.232644,181,3207.325211
2.481814,1001,3210.698546
2.786056,682,3212.980039
3.375319,847,3215.656016
1.087193,1001,3220.219342
0.095031,169,3221.045132
0.144076,27,3221.521177
1.187593,202,3222.51027
0.595397,363,3223.878296
1.402763,371,3225.286431
0.713225,147,3226.023255
1.270622,284,3227.170986
3.011855,181,3228.015152
0.700945,454,3229.757111
2.346045,868,3232.515484
0.574952,154,3233.290701
1.408777,110,3233.915702
0.997228,146,3234.767205
0.956258,75,3235.321698
3.357189,1001,3239.562055
0.681598,183,3240.477658
1.398401,542,3242.360345
2.64789,294,3243.573577
1.257314,888,3246.451471
0.804066,198,3247.329444
0.869122,348,3248.652347
1.862598,453,3250.258971
1.15177,397,3251.68707
0.279806,63,3252.220742
1.087102,243,3254.59443
2.624096,496,3256.512606
0.026962,425,3258.06073
6.209683,838,3260.715259
0.770817,86,3261.279547
0.987495,313,3262.514693
0.28574,610,3264.99122
0.441848,270,3266.187676
0.083191,195,3267.172033
1.270337,1001,3271.816849
0.491345,706,3274.128006
1.005466,122,3274.905452
1.879811,506,3276.799591
0.546599,136,3277.562564
0.082093,76,3278.12622
0.75174,74,3278.690184
0.593122,489,3280.479029
5.740827,1001,3284.046747
0.521499,1001,3288.560736
0.41506,294,3289.719041
1.407617,449,3291.33643
0.978937,74,3291.899673
4.062042,1001,3295.050696
0.582765,87,3295.741495
0.130577,966,3298.724524
0.851354,795,3301.365513
1.39034,1001,3306.043792
0.22127,1001,3309.605967
0.148501,995,3313.009609
0.785366,115,3313.729908
0.660293,210,3314.794673
1.085025,373,3316.417809
1.255613,532,3318.459195
1.395824,660,3322.675501
0.096987,506,3324.757512
0.224083,19,3325.18023
2.096257,366,3326.778411
0.478362,644,3329.194249
2.402945,260,3330.338055
0.148533,268,3331.632586
0.904061,441,3333.340292
0.587719,783,3336.090012
4.730241,728,3340.347794
3.736525,967,3343.838855
0.097295,354,3345.360268
3.057594,1001,3349.539354
1.380308,188,3350.509176
1.051565,315,3351.900964
1.692272,775,3355.835533
2.478823,234,3356.953361
0.98476,161,3357.815279
0.950419,103,3358.461217
0.295446,382,3360.459218
0.159943,156,3361.301433
0.80825,94,3362.026711
1.904483,123,3363.162097
0.72904,352,3365.038801
2.571959,505,3366.90603
1.013836,227,3368.096618
0.479585,57,3368.584659
0.441949,153,3369.399859
4.304739,1001,3372.715881
1.832975,871,3377.088229
1.269125,408,3378.629537
2.003361,662,3381.192407
2.440181,1001,3384.525996
1.296883,401,3386.029167
0.804832,1001,3389.268401
2.806272,1001,3393.791241
1.732511,240,3394.833581
1.146567,410,3396.33788
1.126186,340,3397.654168
2.572036,614,3399.760275
4.016661,1001,3402.992267
2.887471,247,3404.073612
4.743099,1001,3408.55648
0.925802,828,3411.21022
0.197413,83,3411.811012
0.185273,530,3413.756841
2.94988,1001,3416.866817
1.011563,775,3419.397096
0.756975,139,3420.165116
0,751,3424.073234
0.196551,317,3425.375343
1.091626,435,3426.988386
1.482362,105,3427.617481
2.248692,680,3429.904808
0.772942,270,3431.042621
1.505163,1001,3434.277356
4.335033,786,3436.965364
2.435561,296,3439.744268
1.0425,117,3440.48121
3.49692,914,3443.460704
1.228901,400,3444.973475
1.555617,520,3446.777222
2.522328,710,3449.338426
0.969338,165,3450.157673
0.955118,876,3453.27934
0.060225,97,3453.95229
2.076127,308,3456.533784
1.886997,283,3457.670735
1.164197,871,3460.389546
4.053722,617,3462.437174
0.547171,140,3463.205942
0.677523,1001,3466.48103
6.628754,604,3468.587371
1.081585,702,3472.029217
3.648468,1001,3475.211142
0.349829,506,3477.059319
0.610574,211,3478.065102
2.811141,666,3480.445504
0.696707,96,3481.056549
0.547308,241,3482.096701
1.040568,349,3483.525731
0.312204,546,3485.391745
1.365753,360,3488.162774
1.843193,492,3490.029023
0.801531,86,3490.671131
0.755489,80,3491.298769
2.150339,683,3493.668598
3.224256,1001,3496.827364
0.69397,1001,3499.862199
0.641529,66,3500.363722
1.091876,35,3500.83363
1.706418,1001,3505.190675
1.298799,513,3507.006477
1.3764,309,3508.336392
2.95813,1001,3511.556641
3.387419,1001,3514.766562
3.824021,592,3516.880138
0.066744,268,3519.349975
2.312945,248,3520.414013
1.342147,456,3522.088948
1.989188,1001,3525.34739
1.624085,694,3527.826686
0.612804,1001,3531.01287
1.29483,1001,3535.556074
0.701686,21,3535.948304
1.421607,157,3536.71921
2.829386,1001,3539.893734
0.71089,242,3540.954036
0.169289,718,3543.532665
0.85811,277,3544.689528
0.807863,32,3545.131039
1.566706,74,3545.677919
4.166976,884,3548.573495
1.542319,148,3549.372226
1.083206,327,3551.944481
0.076903,188,3552.852762
4.201692,629,3554.953369
1.25217,176,3555.763475
2.356014,476,3557.436727
2.101681,750,3559.987955
1.030043,1001,3563.732734
1.830516,1001,3568.770242
2.927568,1001,3572.172219
0.443106,504,3574.00194
1.339244,614,3576.144394
0.579051,57,3576.634038
0.615695,628,3578.840189
0.993452,252,3580.176409
5.196515,856,3584.688445
1.139699,166,3585.566486
3.698753,326,3586.971098
1.186464,88,3587.644347
1.45015,1001,3591.052857
0.357613,314,3592.470929
1.344101,585,3594.85429
2.504492,1001,3598.463787
1.058615,1001,3603.436115
3.827341,549,3605.478513
4.105325,785,3608.337327
2.060446,223,3609.376474
2.264062,615,3611.790207
3.811145,593,3613.912722
0.648248,399,3615.643155
2.845231,1001,3620.720345
2.586533,241,3621.806858
1.64782,735,3624.264199
1.991247,737,3626.760867
2.589085,380,3628.492555
4.629852,825,3632.011985
2.812529,731,3636.150305
0.670003,236,3637.340457
0.108938,224,3638.449592
2.422255,368,3640.090252
0.314354,500,3641.963265
0.60334,85,3642.651867
0.153259,85,3643.37351
2.187226,1001,3646.703109
1.60018,382,3648.323109
1.198475,426,3649.976856
2.131356,822,3653.899849
1.840014,1001,3657.31952
1.003034,1001,3660.59562
0.791093,504,3662.398412
4.215522,1001,3665.829121
2.142562,415,3668.763544
2.315804,133,3669.566462
1.760665,420,3671.220562
0.941756,318,3672.544524
5.133881,957,3675.508829
0.826708,171,3676.459501
1.939454,270,3677.617974
0.480989,107,3678.274371
1.090956,154,3679.107316
2.297233,265,3680.144742
1.716037,497,3681.901791
0.589379,138,3682.681448
0.545812,179,3683.573486
1.547417,428,3686.622371
2.492142,756,3689.124736
0.769303,168,3689.907067
1.331222,1001,3693.227028
0.490718,66,3693.789457
2.320916,748,3696.364148
0.61801,235,3697.393458
0.297702,184,3698.372662
1.921801,199,3699.326439
2.412665,193,3700.245756
2.407208,178,3701.215597
2.367106,1001,3705.873827
2.095874,1001,3709.097959
3.253373,620,3711.376184
0.471038,80,3711.987875
2.884551,759,3714.95405
0.054363,59,3715.533603
2.06398,97,3716.127352
0.455167,1001,3720.581383
3.385355,838,3723.800608
1.118348,634,3726.294671
2.740673,818,3729.231581
2.908035,928,3732.641637
2.568865,247,3733.771177
2.626373,194,3735.046783
4.007185,1001,3740.036029
3.45996,566,3742.240866
2.76568,1001,3746.076133
4.527741,844,3748.82088
3.811967,532,3750.739146
1.312161,1001,3755.363703
0.310975,312,3756.628044
6.177573,1001,3760.178837
1.121128,191,3761.116326
1.279053,77,3761.69784
0.884233,25,3762.106513
2.590571,1001,3765.611903
1.093941,1001,3769.884292
0.323461,86,3770.484954
1.041566,466,3772.237329
2.727603,778,3774.719058
0.793816,533,3776.586122
3.399789,764,3779.103132
0.962741,285,3780.258391
2.34332,974,3783.614739
0.263241,22,3784.011521
4.582326,500,3787.27146
3.391783,151,3788.141613
0.788329,389,3789.603157
1.829397,122,3790.26177
1.769218,238,3791.36783
3.463126,1001,3794.494142
1.954839,837,3797.536279
4.073894,857,3800.429672
2.157857,401,3803.412139
1.611853,264,3804.621882
4.941866,291,3805.948229
0.822786,633,3808.173363
1.382596,716,3810.701546
0.799986,282,3811.909522
4.540187,580,3814.102793
6.355157,1001,3818.818846
3.716177,815,3821.62833
1.839295,382,3823.183738
0.613864,63,3823.720501
0.939274,271,3825.10388
1.785492,153,3826.033341
1.395806,70,3826.640616
0.546789,406,3828.183346
1.306138,1001,3831.571044
1.349527,175,3832.4419
2.617177,848,3836.533274
2.330701,306,3837.96358
1.732278,1001,3841.615234
0.640205,200,3842.724823
2.553907,193,3843.750487
1.871677,498,3845.732861
2.592475,1001,3848.883748
2.605808,1001,3853.152824
1.389305,232,3854.143585
5.432558,1001,3857.237991
3.563693,1001,3860.361993
3.956288,202,3861.292534
1.878682,701,3863.61054
4.638557,1001,3867.957417
1.832511,116,3868.597465
2.773789,221,3869.605325
3.704819,1001,3872.886539
2.092779,76,3873.454785
1.225754,231,3874.479744
4.256097,1001,3877.777953
2.491765,335,3879.127079
1.747512,564,3881.085773
2.685189,1001,3885.954797
0.675034,31,3886.401152
1.542089,358,3887.84962
0.788602,164,3888.65503
3.050798,1001,3891.916629
2.234976,803,3894.644942
1.172889,1001,3898.000886
0.667781,315,3900.521703
0.888969,1001,3903.923167
3.649022,506,3905.689776
0.826251,695,3908.108346
0.776215,185,3909.216085
0.255736,233,3910.315659
4.546827,776,3912.958222
4.214014,401,3914.517657
4.064422,344,3917.215348
0.606858,563,3919.187453
4.550992,1001,3922.302885
0.045807,223,3923.308511
1.984726,853,3926.057291
2.500595,264,3927.114111
0.296033,205,3928.029062
1.694753,1001,3932.34638
3.693258,684,3934.648601
1.453444,543,3936.644729
1.384263,186,3937.585851
3.195446,1001,3940.760477
1.554277,1001,3943.946227
2.487778,571,3946.899941
2.555174,470,3948.510383
6.258837,1001,3951.788768
5.265194,1001,3954.938485
6.34422,767,3957.612119
0.38478,121,3958.372885
0.810117,42,3958.859353
3.372489,975,3963.540596
5.368245,1001,3966.884965
3.935546,544,3968.844951
3.543663,307,3970.023884
2.783484,275,3971.130525
0.683862,22,3971.527948
3.992684,922,3974.463962
4.528586,471,3976.274308
0.805714,28,3976.687575
0.20552,629,3980.174573
4.644053,941,3983.456702
2.276593,188,3984.336164
6.091829,647,3986.556099
6.048414,1001,3989.724237
3.275639,485,3991.511967
1.599725,209,3992.503043
1.15636,339,3995.235062
5.770641,1001,3998.435214
1.986114,538,4000.276798
3.347414,1001,4003.560541
1.13136,90,4004.143107
5.502573,1001,4007.346091
5.644468,1001,4011.879562
0.952507,586,4013.945184
2.271253,259,4015.119733
3.152885,266,4016.298482
1.984468,146,4017.101514
2.901279,1001,4020.620205
2.370617,452,4022.321898
3.696485,607,4025.826894
1.814375,471,4027.670177
0.884515,112,4028.449048
1.446959,1001,4031.876529
2.781503,1001,4035.437553
1.068576,285,4036.607425
1.089021,364,4038.048238
2.791897,206,4039.002063
0.897877,948,4043.499732
3.441179,1001,4046.662243
0.512364,564,4048.698374
0.258828,92,4049.279553
0.58136,28,4049.712742
1.872946,199,4050.632473
10.034448,1001,4053.7814
3.916922,1001,4058.025454
1.817143,899,4060.979687
3.732923,792,4063.764202
0.615186,28,4064.172819
2.638489,247,4065.258424
4.763855,829,4067.978865
1.867271,794,4070.550225
0.474076,299,4071.779057
2.822281,559,4075.167735
3.614352,1001,4078.567773
4.513744,1001,4081.890682
3.375717,163,4082.812697
0.812586,333,4084.427614
6.872984,770,4087.058066
1.868244,1001,4092.05771
2.902026,554,4094.06729
5.583162,1001,4097.285653
0.741857,192,4098.202104
0.589395,312,4099.449126
0.835438,546,4101.444304
1.018593,478,4103.144738
3.041471,500,4106.26201
2.0485,890,4109.142925
5.902101,1001,4112.313397
1.100637,308,4113.635512
5.315776,1001,4116.997105
5.8732,1001,4121.443239
2.120769,338,4122.799535
1.498649,712,4125.203619
5.384435,1001,4128.416004
1.744842,508,4130.347557
0.061752,52,4130.878885
2.211427,639,4133.074842
2.988446,1001,4137.783126
1.027117,1001,4141.119879
0.824696,201,4142.116094
1.031521,53,4142.685455
0.254749,282,4144.008171
3.115542,1001,4147.345142
7.470813,1001,4150.610867
4.886771,923,4155.154917
0.754088,108,4155.862264
2.577862,335,4157.184146
1.605018,461,4158.978217
1.624098,288,4160.17274
1.241602,583,4162.315688
3.546001,437,4163.952274
1.626865,1001,4167.250424
1.08443,266,4169.57895
4.430277,924,4172.550584
7.960779,1001,4175.903414
1.250199,1001,4179.093229
1.35107,1001,4183.631522
4.44057,1001,4186.988045
1.737942,40,4187.46576
0.966708,182,4188.423736
2.324939,643,4190.531961
5.265548,1001,4193.693734
0.930831,335,4195.050706
1.130098,218,4196.026298
1.221227,886,4200.103954
1.564334,199,4201.194062
8.040126,1001,4204.856266
1.975874,548,4207.146164
8.881522,1001,4210.521463
2.884593,1001,4213.930196
4.481862,1001,4218.957566
1.888467,294,4220.327046
5.500088,753,17941.379014
2.85435,210,17943.98456
0.744086,504,17947.193906
0.917685,25,17947.699927
1.704506,239,17949.22549
1.527245,397,17951.112529
3.331384,919,17957.269399
0.857311,200,17958.488855
3.509553,924,17961.949561
2.650947,381,17963.419716
1.463619,691,17965.945036
3.616584,1001,17969.30536
6.29705,1001,17974.246522
1.435181,530,17976.241969
1.849041,225,17977.2822
1.237106,263,17978.492976
1.059867,223,17979.653189
3.989318,1001,17983.558021
1.289763,99,17984.209815
1.700914,887,17987.33482
3.140546,824,17991.38283
0.510556,167,17992.200212
3.337702,211,17993.14488
0.675176,1001,17996.36753
1.438611,153,17997.171915
1.891247,606,17999.221935
5.02694,1001,18002.577582
1.02925,204,18003.617141
7.17522,1001,18008.540331
5.714491,1001,18011.782935
0.847339,97,18012.359909
3.885235,871,18015.002479
3.890003,609,18017.104048
5.238373,1001,18020.867161
8.55566,1001,18027.443004
5.201653,1001,18031.183818
3.747451,532,18033.298455
1.034256,34,18033.777054
2.717956,1001,18037.645281
2.939207,1001,18043.045697
3.592054,1001,18046.54931
4.007537,996,18050.244788
3.863146,478,18052.175275
3.509505,713,18054.579275
4.466636,970,18059.703758
2.638016,478,18061.581427
3.890357,720,18064.287739
0.764581,278,18065.781279
1.967616,65,18066.649919
3.232789,277,18068.317235
2.3702,741,18070.745694
1.930315,1001,18073.914329
3.946348,984,18078.116313
3.57515,883,18080.968774
4.086163,1001,18084.067639
2.01733,672,18086.295617
4.968101,412,18087.775304
